fresh red fruits ; 0.23326432
fresh black fruits ; 0.166781689
citrus fruits ; 0.033356338
vegetal ; 0.266620658
spicy ; 0.299976996
