fresh red fruits ; 0.187562488
citrus fruits ; 0.093781244
floral ; 0.218756249
spicy ; 0.406118776
smoke ; 0.093781244
