fresh red fruits ; 0.170731707
fresh fruits ; 0.170731707
vegetal ; 0.390243902
spicy ; 0.195121951
woody ; 0.073170732
