black fruits ; 0.294072658
floral ; 0.147036329
vegetal ; 0.235372849
empyreumatic ; 0.323518164
