black fruits ; 0.480062724
citrus fruits ; 0.359991039
oxidized ; 0.159946237
