garden flower ; 0.33332778
spicy ; 0.3334444
raspberry ; 0.33332778
