fresh red fruits  ;  0.218769043
citrus fruits  ;  0.156205566
vegetal  ;  0.374974609
spicy  ;  0.250050782
