fresh red fruits ; 0.333258021
fresh black fruits ; 0.148215093
spicy ; 0.370311794
caramel ; 0.148215093
