red fruits ; 0.2500573
black currant ; 0.166628467
citrus fruits ; 0.2500573
vegtal ; 0.208342883
mushroom ; 0.12491405
