fresh red fruits ; 0.300061996
citrus fruits ; 0.199938004
amylic ; 0.150030998
cocoa caramel ; 0.249845009
moist soil ; 0.100123993
