fresh red fruits ; 0.190502035
fresh black fruits ; 0.285753053
dry vegetal ; 0.237991859
empyreumatic ; 0.285753053
