citrus fruits ; 0.2195122
vegetal ; 0.26829267
spicy ; 0.26829267
fresh black fruits ; 0.12195123
fresh red fruits ; 0.12195123
