fresh red fruits ; 0.333333333
amylic ; 0.208304175
vegetal ; 0.125029158
spicy ; 0.333333333
